timestamp,record_type,task_id,task_name,task_type,task_complexity,model_name,output_format,stream_active,status,error_message,load_duration_ns,prompt_eval_count,prompt_eval_duration_ns,prompt_eval_rate_tps,decode_token_count,decode_duration_ns,decode_rate_tps,total_duration_ns,total_duration_ms,thinking_chars,response_chars,avg_cpu_power_mw,avg_gpu_power_mw,avg_ane_power_mw,estimated_total_energy_mwh,syntax_score,syntax_status,syntax_details,syntax_format,semantic_score,semantic_method,semantic_details
2026-06-26T14:25:57.326,summary,1,User List,generation,simple,mlx-community/gemma-3-4b-it-qat-4bit,YAML,False,success,,,123,,,59,,,,,0,143,245.0,38.5,0.0,0.798562,0.99,"partial: while scanning for the next token
found character '`' that cannot start any token
  in ""<unicode string>"", line 1, column 1:
    ```yaml
    ^",yaml parse,YAML,0.7414478659629822,embedding,max_cosine_norm
2026-06-26T14:26:03.407,summary,2,Nested Product Conversion,conversion,nested,mlx-community/gemma-3-4b-it-qat-4bit,YAML,False,success,,,175,,,41,,,,,0,92,159.5,60.0,0.0,0.276405,0.99,"partial: while scanning for the next token
found character '`' that cannot start any token
  in ""<unicode string>"", line 1, column 1:
    ```yaml
    ^",yaml parse,YAML,0.7790180742740631,embedding,max_cosine_norm
2026-06-26T14:26:21.382,summary,3,Weather Report Extended v2,generation,highly-nested-multimodal,mlx-community/gemma-3-4b-it-qat-4bit,YAML,False,success,,,566,,,480,,,,,0,1333,86.0,31.5,0.0,0.53888,0.99,"partial: while scanning for the next token
found character '`' that cannot start any token
  in ""<unicode string>"", line 1, column 1:
    ```yaml
    ^",yaml parse,YAML,0.8590674698352814,embedding,max_cosine_norm
